Region,Pct_White
Midwest,72.0943834368493
Northeast,62.28149343278743
South,52.394141368342964
West,47.78797966430803
